<?xml version='1.0' encoding='utf-8'?>
<project xmlns:ns1="http://www.plcopen.org/xml/tc6_0201" xmlns:xhtml="http://www.w3.org/1999/xhtml" xmlns:xsd="http://www.w3.org/2001/XMLSchema" xmlns="http://www.plcopen.org/xml/tc6_0201">
  <fileHeader companyName="Desconocido" productName="Sin nombre" productVersion="1" creationDateTime="2023-04-11T18:00:07"/>
  <contentHeader name="Sin nombre" modificationDateTime="2023-04-12T10:21:39">
    <coordinateInfo>
      <fbd>
        <scaling x="10" y="10"/>
      </fbd>
      <ld>
        <scaling x="10" y="10"/>
      </ld>
      <sfc>
        <scaling x="10" y="10"/>
      </sfc>
    </coordinateInfo>
  </contentHeader>
  <types>
    <dataTypes/>
    <pous>
      <pou name="Proyecto" pouType="program">
        <interface>
          <localVars>
            <variable name="BtnInicio" address="%IX0.0">
              <type>
                <BOOL/>
              </type>
              <documentation>
                <xhtml:p><![CDATA[Boton con el que se dara inicio al sistema]]></xhtml:p>
              </documentation>
            </variable>
            <variable name="BtnParo" address="%IX0.1">
              <type>
                <BOOL/>
              </type>
              <documentation>
                <xhtml:p><![CDATA[Boton con el que se detendra el movimiento del sistema]]></xhtml:p>
              </documentation>
            </variable>
            <variable name="SensorCajas" address="%IX0.2">
              <type>
                <BOOL/>
              </type>
              <documentation>
                <xhtml:p><![CDATA[Sensor que detectara la llegada de las cajas]]></xhtml:p>
              </documentation>
            </variable>
            <variable name="SensorMandarinas" address="%IX0.3">
              <type>
                <BOOL/>
              </type>
              <documentation>
                <xhtml:p><![CDATA[Sensor que detectara la llegada de las mandarinas contandolas y detectando su tamaño]]></xhtml:p>
              </documentation>
            </variable>
            <variable name="LuzFunciona" address="%QX0.0">
              <type>
                <BOOL/>
              </type>
              <documentation>
                <xhtml:p><![CDATA[Luz que indicara si el sistema se encuentra en funcionamiento]]></xhtml:p>
              </documentation>
            </variable>
            <variable name="MotorCajas" address="%QX0.1">
              <type>
                <BOOL/>
              </type>
              <documentation>
                <xhtml:p><![CDATA[Motor que dara el movimiento a la banda de las cajas]]></xhtml:p>
              </documentation>
            </variable>
            <variable name="MotorMandarinas" address="%QX0.2">
              <type>
                <BOOL/>
              </type>
              <documentation>
                <xhtml:p><![CDATA[Motor que dara el movimiento a la banda de las mandarinas.]]></xhtml:p>
              </documentation>
            </variable>
          </localVars>
          <localVars>
            <variable name="CTU0">
              <type>
                <derived name="CTU"/>
              </type>
              <documentation>
                <xhtml:p><![CDATA[Contador con el numero de mandarinas por caja]]></xhtml:p>
              </documentation>
            </variable>
            <variable name="Reset">
              <type>
                <BOOL/>
              </type>
              <documentation>
                <xhtml:p><![CDATA[Valor con el que se reseteara la cuenta de las naranjas por cajas]]></xhtml:p>
              </documentation>
            </variable>
            <variable name="CuentaMandarina">
              <type>
                <INT/>
              </type>
              <initialValue>
                <simpleValue value="3"/>
              </initialValue>
              <documentation>
                <xhtml:p><![CDATA[Total de mandarinas que caeran en una caja antes del reset]]></xhtml:p>
              </documentation>
            </variable>
            <variable name="ContadorCompleto">
              <type>
                <BOOL/>
              </type>
              <documentation>
                <xhtml:p><![CDATA[Variable que se acativa cuando el contador llegue al numero maximo]]></xhtml:p>
              </documentation>
            </variable>
            <variable name="ReactivacionCaja">
              <type>
                <BOOL/>
              </type>
              <documentation>
                <xhtml:p><![CDATA[Variable que reactivara la caja una vez haya pasado un ciclo]]></xhtml:p>
              </documentation>
            </variable>
            <variable name="TON0">
              <type>
                <derived name="TON"/>
              </type>
              <documentation>
                <xhtml:p><![CDATA[Timer que reiniciara el contador]]></xhtml:p>
              </documentation>
            </variable>
            <variable name="TON1">
              <type>
                <derived name="TON"/>
              </type>
              <documentation>
                <xhtml:p><![CDATA[TImer que reiniciara el ciclo]]></xhtml:p>
              </documentation>
            </variable>
          </localVars>
        </interface>
        <body>
          <LD>
            <leftPowerRail localId="1" height="80" width="10">
              <position x="100" y="30"/>
              <connectionPointOut formalParameter="">
                <relPosition x="10" y="20"/>
              </connectionPointOut>
              <connectionPointOut formalParameter="">
                <relPosition x="10" y="60"/>
              </connectionPointOut>
            </leftPowerRail>
            <rightPowerRail localId="2" height="40" width="10">
              <position x="590" y="30"/>
              <connectionPointIn>
                <relPosition x="0" y="20"/>
                <connection refLocalId="6">
                  <position x="590" y="50"/>
                  <position x="450" y="50"/>
                </connection>
              </connectionPointIn>
            </rightPowerRail>
            <contact localId="3" height="20" width="30" negated="false">
              <position x="150" y="40"/>
              <connectionPointIn>
                <relPosition x="0" y="10"/>
                <connection refLocalId="1">
                  <position x="150" y="50"/>
                  <position x="110" y="50"/>
                </connection>
              </connectionPointIn>
              <connectionPointOut>
                <relPosition x="30" y="10"/>
              </connectionPointOut>
              <variable>BtnInicio</variable>
            </contact>
            <contact localId="4" height="20" width="30" negated="true">
              <position x="250" y="40"/>
              <connectionPointIn>
                <relPosition x="0" y="10"/>
                <connection refLocalId="5">
                  <position x="250" y="50"/>
                  <position x="220" y="50"/>
                  <position x="220" y="90"/>
                  <position x="180" y="90"/>
                </connection>
                <connection refLocalId="3">
                  <position x="250" y="50"/>
                  <position x="180" y="50"/>
                </connection>
              </connectionPointIn>
              <connectionPointOut>
                <relPosition x="30" y="10"/>
              </connectionPointOut>
              <variable>BtnParo</variable>
            </contact>
            <contact localId="5" height="20" width="30" negated="false">
              <position x="150" y="80"/>
              <connectionPointIn>
                <relPosition x="0" y="10"/>
                <connection refLocalId="1">
                  <position x="150" y="90"/>
                  <position x="110" y="90"/>
                </connection>
              </connectionPointIn>
              <connectionPointOut>
                <relPosition x="30" y="10"/>
              </connectionPointOut>
              <variable>LuzFunciona</variable>
            </contact>
            <coil localId="6" height="20" width="21" negated="false">
              <position x="430" y="40"/>
              <connectionPointIn>
                <relPosition x="0" y="10"/>
                <connection refLocalId="4">
                  <position x="430" y="50"/>
                  <position x="280" y="50"/>
                </connection>
              </connectionPointIn>
              <connectionPointOut>
                <relPosition x="21" y="10"/>
              </connectionPointOut>
              <variable>LuzFunciona</variable>
            </coil>
            <leftPowerRail localId="7" height="80" width="10">
              <position x="100" y="130"/>
              <connectionPointOut formalParameter="">
                <relPosition x="10" y="20"/>
              </connectionPointOut>
              <connectionPointOut formalParameter="">
                <relPosition x="10" y="60"/>
              </connectionPointOut>
            </leftPowerRail>
            <contact localId="8" height="20" width="30" negated="false">
              <position x="190" y="140"/>
              <connectionPointIn>
                <relPosition x="0" y="10"/>
                <connection refLocalId="7">
                  <position x="190" y="150"/>
                  <position x="110" y="150"/>
                </connection>
              </connectionPointIn>
              <connectionPointOut>
                <relPosition x="30" y="10"/>
              </connectionPointOut>
              <variable>SensorCajas</variable>
            </contact>
            <contact localId="9" height="20" width="30" negated="false">
              <position x="290" y="140"/>
              <connectionPointIn>
                <relPosition x="0" y="10"/>
                <connection refLocalId="8">
                  <position x="290" y="150"/>
                  <position x="220" y="150"/>
                </connection>
                <connection refLocalId="76">
                  <position x="290" y="150"/>
                  <position x="255" y="150"/>
                  <position x="255" y="190"/>
                  <position x="220" y="190"/>
                </connection>
              </connectionPointIn>
              <connectionPointOut>
                <relPosition x="30" y="10"/>
              </connectionPointOut>
              <variable>LuzFunciona</variable>
            </contact>
            <coil localId="10" height="20" width="21" negated="false">
              <position x="390" y="140"/>
              <connectionPointIn>
                <relPosition x="0" y="10"/>
                <connection refLocalId="9">
                  <position x="390" y="150"/>
                  <position x="320" y="150"/>
                </connection>
              </connectionPointIn>
              <connectionPointOut>
                <relPosition x="21" y="10"/>
              </connectionPointOut>
              <variable>MotorCajas</variable>
            </coil>
            <rightPowerRail localId="11" height="40" width="10">
              <position x="490" y="130"/>
              <connectionPointIn>
                <relPosition x="0" y="20"/>
                <connection refLocalId="10">
                  <position x="490" y="150"/>
                  <position x="410" y="150"/>
                </connection>
              </connectionPointIn>
            </rightPowerRail>
            <leftPowerRail localId="12" height="40" width="10">
              <position x="100" y="230"/>
              <connectionPointOut formalParameter="">
                <relPosition x="10" y="20"/>
              </connectionPointOut>
            </leftPowerRail>
            <contact localId="13" height="20" width="30" negated="true">
              <position x="160" y="240"/>
              <connectionPointIn>
                <relPosition x="0" y="10"/>
                <connection refLocalId="12">
                  <position x="160" y="250"/>
                  <position x="110" y="250"/>
                </connection>
              </connectionPointIn>
              <connectionPointOut>
                <relPosition x="30" y="10"/>
              </connectionPointOut>
              <variable>SensorCajas</variable>
            </contact>
            <contact localId="14" height="20" width="30" negated="false">
              <position x="340" y="240"/>
              <connectionPointIn>
                <relPosition x="0" y="10"/>
                <connection refLocalId="28">
                  <position x="340" y="250"/>
                  <position x="310" y="250"/>
                  <position x="310" y="240"/>
                  <position x="280" y="240"/>
                </connection>
              </connectionPointIn>
              <connectionPointOut>
                <relPosition x="30" y="10"/>
              </connectionPointOut>
              <variable>LuzFunciona</variable>
            </contact>
            <coil localId="16" height="20" width="21" negated="false">
              <position x="520" y="240"/>
              <connectionPointIn>
                <relPosition x="0" y="10"/>
                <connection refLocalId="75">
                  <position x="520" y="250"/>
                  <position x="490" y="250"/>
                  <position x="490" y="240"/>
                  <position x="460" y="240"/>
                </connection>
              </connectionPointIn>
              <connectionPointOut>
                <relPosition x="21" y="10"/>
              </connectionPointOut>
              <variable>MotorMandarinas</variable>
            </coil>
            <rightPowerRail localId="17" height="40" width="10">
              <position x="630" y="230"/>
              <connectionPointIn>
                <relPosition x="0" y="20"/>
                <connection refLocalId="16">
                  <position x="630" y="250"/>
                  <position x="541" y="250"/>
                </connection>
              </connectionPointIn>
            </rightPowerRail>
            <leftPowerRail localId="18" height="80" width="10">
              <position x="100" y="310"/>
              <connectionPointOut formalParameter="">
                <relPosition x="10" y="20"/>
              </connectionPointOut>
              <connectionPointOut formalParameter="">
                <relPosition x="10" y="60"/>
              </connectionPointOut>
            </leftPowerRail>
            <contact localId="20" height="20" width="30" negated="true">
              <position x="180" y="320"/>
              <connectionPointIn>
                <relPosition x="0" y="10"/>
                <connection refLocalId="18">
                  <position x="180" y="330"/>
                  <position x="110" y="330"/>
                </connection>
              </connectionPointIn>
              <connectionPointOut>
                <relPosition x="30" y="10"/>
              </connectionPointOut>
              <variable>SensorMandarinas</variable>
            </contact>
            <coil localId="22" height="20" width="21" negated="false">
              <position x="330" y="320"/>
              <connectionPointIn>
                <relPosition x="0" y="10"/>
                <connection refLocalId="20">
                  <position x="330" y="330"/>
                  <position x="210" y="330"/>
                </connection>
              </connectionPointIn>
              <connectionPointOut>
                <relPosition x="21" y="10"/>
              </connectionPointOut>
              <variable>MotorMandarinas</variable>
            </coil>
            <block localId="23" typeName="CTU" instanceName="CTU0" height="80" width="50">
              <position x="420" y="300"/>
              <inputVariables>
                <variable formalParameter="CU" edge="rising">
                  <connectionPointIn>
                    <relPosition x="0" y="30"/>
                    <connection refLocalId="22">
                      <position x="420" y="330"/>
                      <position x="351" y="330"/>
                    </connection>
                  </connectionPointIn>
                </variable>
                <variable formalParameter="R">
                  <connectionPointIn>
                    <relPosition x="0" y="50"/>
                    <connection refLocalId="24">
                      <position x="420" y="350"/>
                      <position x="315" y="350"/>
                      <position x="315" y="370"/>
                      <position x="210" y="370"/>
                    </connection>
                  </connectionPointIn>
                </variable>
                <variable formalParameter="PV">
                  <connectionPointIn>
                    <relPosition x="0" y="70"/>
                    <connection refLocalId="25">
                      <position x="420" y="370"/>
                      <position x="400" y="370"/>
                      <position x="400" y="400"/>
                      <position x="380" y="400"/>
                    </connection>
                  </connectionPointIn>
                </variable>
              </inputVariables>
              <inOutVariables/>
              <outputVariables>
                <variable formalParameter="Q">
                  <connectionPointOut>
                    <relPosition x="50" y="30"/>
                  </connectionPointOut>
                </variable>
                <variable formalParameter="CV">
                  <connectionPointOut>
                    <relPosition x="50" y="50"/>
                  </connectionPointOut>
                </variable>
              </outputVariables>
            </block>
            <contact localId="24" height="20" width="30" negated="false">
              <position x="180" y="360"/>
              <connectionPointIn>
                <relPosition x="0" y="10"/>
                <connection refLocalId="18">
                  <position x="180" y="370"/>
                  <position x="110" y="370"/>
                </connection>
              </connectionPointIn>
              <connectionPointOut>
                <relPosition x="30" y="10"/>
              </connectionPointOut>
              <variable>Reset</variable>
            </contact>
            <inVariable localId="25" height="30" width="130" negated="false">
              <position x="250" y="380"/>
              <connectionPointOut>
                <relPosition x="130" y="20"/>
              </connectionPointOut>
              <expression>CuentaMandarina</expression>
            </inVariable>
            <coil localId="26" height="20" width="21" negated="false">
              <position x="530" y="320"/>
              <connectionPointIn>
                <relPosition x="0" y="10"/>
                <connection refLocalId="23" formalParameter="Q">
                  <position x="530" y="330"/>
                  <position x="470" y="330"/>
                </connection>
              </connectionPointIn>
              <connectionPointOut>
                <relPosition x="21" y="10"/>
              </connectionPointOut>
              <variable>ContadorCompleto</variable>
            </coil>
            <rightPowerRail localId="27" height="40" width="10">
              <position x="620" y="310"/>
              <connectionPointIn>
                <relPosition x="0" y="20"/>
                <connection refLocalId="26">
                  <position x="620" y="330"/>
                  <position x="550" y="330"/>
                </connection>
              </connectionPointIn>
            </rightPowerRail>
            <contact localId="28" height="20" width="30" negated="true">
              <position x="250" y="230"/>
              <connectionPointIn>
                <relPosition x="0" y="10"/>
                <connection refLocalId="13">
                  <position x="250" y="240"/>
                  <position x="220" y="240"/>
                  <position x="220" y="250"/>
                  <position x="190" y="250"/>
                </connection>
              </connectionPointIn>
              <connectionPointOut>
                <relPosition x="30" y="10"/>
              </connectionPointOut>
              <variable>ContadorCompleto</variable>
            </contact>
            <leftPowerRail localId="29" height="40" width="10">
              <position x="100" y="440"/>
              <connectionPointOut formalParameter="">
                <relPosition x="10" y="20"/>
              </connectionPointOut>
            </leftPowerRail>
            <contact localId="30" height="20" width="30" negated="false">
              <position x="200" y="450"/>
              <connectionPointIn>
                <relPosition x="0" y="10"/>
                <connection refLocalId="29">
                  <position x="200" y="460"/>
                  <position x="110" y="460"/>
                </connection>
              </connectionPointIn>
              <connectionPointOut>
                <relPosition x="30" y="10"/>
              </connectionPointOut>
              <variable>MotorCajas</variable>
            </contact>
            <block localId="31" typeName="TON" instanceName="TON0" height="60" width="50">
              <position x="290" y="430"/>
              <inputVariables>
                <variable formalParameter="IN">
                  <connectionPointIn>
                    <relPosition x="0" y="30"/>
                    <connection refLocalId="30">
                      <position x="290" y="460"/>
                      <position x="230" y="460"/>
                    </connection>
                  </connectionPointIn>
                </variable>
                <variable formalParameter="PT">
                  <connectionPointIn>
                    <relPosition x="0" y="50"/>
                    <connection refLocalId="67">
                      <position x="290" y="480"/>
                      <position x="270" y="480"/>
                      <position x="270" y="490"/>
                      <position x="260" y="490"/>
                    </connection>
                  </connectionPointIn>
                </variable>
              </inputVariables>
              <inOutVariables/>
              <outputVariables>
                <variable formalParameter="Q">
                  <connectionPointOut>
                    <relPosition x="50" y="30"/>
                  </connectionPointOut>
                </variable>
                <variable formalParameter="ET">
                  <connectionPointOut>
                    <relPosition x="50" y="50"/>
                  </connectionPointOut>
                </variable>
              </outputVariables>
            </block>
            <inVariable localId="67" height="30" width="80" negated="false" executionOrderId="0">
              <position x="180" y="480"/>
              <connectionPointOut>
                <relPosition x="80" y="10"/>
              </connectionPointOut>
              <expression>T#2000ms</expression>
            </inVariable>
            <coil localId="69" height="20" width="21" negated="false">
              <position x="400" y="450"/>
              <connectionPointIn>
                <relPosition x="0" y="10"/>
                <connection refLocalId="31" formalParameter="Q">
                  <position x="400" y="460"/>
                  <position x="340" y="460"/>
                </connection>
              </connectionPointIn>
              <connectionPointOut>
                <relPosition x="21" y="10"/>
              </connectionPointOut>
              <variable>Reset</variable>
            </coil>
            <rightPowerRail localId="70" height="40" width="10">
              <position x="460" y="440"/>
              <connectionPointIn>
                <relPosition x="0" y="20"/>
                <connection refLocalId="69">
                  <position x="460" y="460"/>
                  <position x="420" y="460"/>
                </connection>
              </connectionPointIn>
            </rightPowerRail>
            <leftPowerRail localId="71" height="40" width="10">
              <position x="100" y="540"/>
              <connectionPointOut formalParameter="">
                <relPosition x="10" y="20"/>
              </connectionPointOut>
            </leftPowerRail>
            <contact localId="72" height="20" width="30" negated="false">
              <position x="170" y="550"/>
              <connectionPointIn>
                <relPosition x="0" y="10"/>
                <connection refLocalId="71">
                  <position x="170" y="560"/>
                  <position x="110" y="560"/>
                </connection>
              </connectionPointIn>
              <connectionPointOut>
                <relPosition x="30" y="10"/>
              </connectionPointOut>
              <variable>ContadorCompleto</variable>
            </contact>
            <block localId="15" typeName="TON" instanceName="TON1" height="60" width="50" executionOrderId="0">
              <position x="290" y="530"/>
              <inputVariables>
                <variable formalParameter="IN">
                  <connectionPointIn>
                    <relPosition x="0" y="30"/>
                    <connection refLocalId="72">
                      <position x="290" y="560"/>
                      <position x="200" y="560"/>
                    </connection>
                  </connectionPointIn>
                </variable>
                <variable formalParameter="PT">
                  <connectionPointIn>
                    <relPosition x="0" y="50"/>
                    <connection refLocalId="19">
                      <position x="290" y="580"/>
                      <position x="275" y="580"/>
                      <position x="275" y="600"/>
                      <position x="260" y="600"/>
                    </connection>
                  </connectionPointIn>
                </variable>
              </inputVariables>
              <inOutVariables/>
              <outputVariables>
                <variable formalParameter="Q">
                  <connectionPointOut>
                    <relPosition x="50" y="30"/>
                  </connectionPointOut>
                </variable>
                <variable formalParameter="ET">
                  <connectionPointOut>
                    <relPosition x="50" y="50"/>
                  </connectionPointOut>
                </variable>
              </outputVariables>
            </block>
            <inVariable localId="19" height="30" width="80" negated="false" executionOrderId="0">
              <position x="180" y="580"/>
              <connectionPointOut>
                <relPosition x="80" y="20"/>
              </connectionPointOut>
              <expression>T#2000ms</expression>
            </inVariable>
            <coil localId="73" height="20" width="21" negated="false">
              <position x="380" y="550"/>
              <connectionPointIn>
                <relPosition x="0" y="10"/>
                <connection refLocalId="15" formalParameter="Q">
                  <position x="380" y="560"/>
                  <position x="340" y="560"/>
                </connection>
              </connectionPointIn>
              <connectionPointOut>
                <relPosition x="21" y="10"/>
              </connectionPointOut>
              <variable>ReactivacionCaja</variable>
            </coil>
            <rightPowerRail localId="74" height="40" width="10">
              <position x="490" y="540"/>
              <connectionPointIn>
                <relPosition x="0" y="20"/>
                <connection refLocalId="73">
                  <position x="490" y="560"/>
                  <position x="400" y="560"/>
                </connection>
              </connectionPointIn>
            </rightPowerRail>
            <contact localId="75" height="20" width="30" negated="true">
              <position x="430" y="230"/>
              <connectionPointIn>
                <relPosition x="0" y="10"/>
                <connection refLocalId="14">
                  <position x="430" y="240"/>
                  <position x="400" y="240"/>
                  <position x="400" y="250"/>
                  <position x="370" y="250"/>
                </connection>
              </connectionPointIn>
              <connectionPointOut>
                <relPosition x="30" y="10"/>
              </connectionPointOut>
              <variable>ReactivacionCaja</variable>
            </contact>
            <contact localId="76" height="20" width="30" negated="false">
              <position x="190" y="180"/>
              <connectionPointIn>
                <relPosition x="0" y="10"/>
                <connection refLocalId="7">
                  <position x="190" y="190"/>
                  <position x="110" y="190"/>
                </connection>
              </connectionPointIn>
              <connectionPointOut>
                <relPosition x="30" y="10"/>
              </connectionPointOut>
              <variable>ReactivacionCaja</variable>
            </contact>
          </LD>
        </body>
      </pou>
    </pous>
  </types>
  <instances>
    <configurations>
      <configuration name="Config0">
        <resource name="Res0">
          <task name="task0" priority="0" interval="T#20ms">
            <pouInstance name="instance0" typeName="Proyecto"/>
          </task>
        </resource>
      </configuration>
    </configurations>
  </instances>
</project>
